학년,이수 구분,과목 이름,학점 ,비고 
1학년,교양/기초,대학 글쓰기 1,2,
1학년,교양/기초,대학 글쓰기 2 (과학기술글쓰기),2,
1학년,교양/기초,외국어 2과목 (+TEPS 요건),3,
0학년,교양/기초,베리타스 강좌 1: 기후위기와 인류,3,베리타스 
0학년,교양/기초,베리타스 강좌 1: 데이터로 디자인하는 리더십,3,베리타스 
0학년,교양/기초,"베리타스 강좌 1: 아르스 롱가 – 과학, 음악, 문학의 만남",3,베리타스 
0학년,교양/기초,베리타스 강좌 1: 인간과 동물,3,베리타스 
0학년,교양/기초,베리타스 강좌 1: 자유와 정의,3,베리타스 
0학년,교양/기초,베리타스 강좌 1: 별,3,베리타스 
0학년,교양/기초,베리타스 강좌 1: 불과 문명,3,베리타스 
0학년,교양/기초,베리타스 강좌 1: 동양고전으로 보는 ‘나’,3,베리타스 
0학년,교양/기초,"베리타스 강좌 1: 뇌, 기계, 진화",3,베리타스 
0학년,교양/기초,베리타스 강좌 1: 인공지능 시대의 문화예술,3,베리타스 
0학년,교양/기초,베리타스 강좌 1: 우리 안의 민속문화,3,베리타스 
0학년,교양/기초,베리타스 강좌 1: 돌봄과 생태 위기,3,베리타스 
0학년,교양/기초,"베리타스 강좌 1: 빅 히스토리 – 우주와 지구, 그리고 인류",3,베리타스 
0학년,교양/기초,베리타스 강좌 1: 유토피아와 디스토피아,3,베리타스 
0학년,교양/기초,베리타스 강좌 1: 학습으로 본 ‘나’와 공동체,3,베리타스 
0학년,교양/기초,베리타스 강좌 1: 노벨과학상과 인류,3,베리타스 
0학년,교양/기초,베리타스 강좌 1: 동물과 함께한 인류의 역사,3,베리타스 
0학년,교양/기초,베리타스 강좌 1: 미래,3,베리타스 
0학년,교양/기초,베리타스 강좌 1: 현대의학과 종교의 대화,3,베리타스 
0학년,교양/기초,"베리타스 강좌 1: 몸의 생태학 – 질병, 환경, 윤리",3,베리타스 
0학년,교양/기초,베리타스 강좌 1: 도시와 예술,3,베리타스 
0학년,교양/기초,베리타스 강좌 1: 자유와 선택,3,베리타스 
0학년,교양/기초,"베리타스 강좌 1: 공존 – 환경, 사회 그리고 소통",3,베리타스 
0학년,교양/기초,"베리타스 강좌 1: 나 찾기 – 몸, 마음, 영혼",3,베리타스 
0학년,교양/기초,베리타스 강좌 1: 스포츠로 배우는 경쟁과 협력,3,베리타스 
0학년,교양/기초,베리타스 강좌 1: 의미,3,베리타스 
0학년,교양/기초,베리타스 강좌 1: 전쟁과 평화,3,베리타스 
0학년,교양/기초,베리타스 강좌 1: 혁신의 통합적인 시각,3,베리타스 
0학년,교양/기초,경영학개론,3,지성의 열쇠: 인간의 이해화 사회 분석 
0학년,교양/기초,공공행정의 이해,3,지성의 열쇠: 인간의 이해화 사회 분석 
0학년,교양/기초,교육의 이해,3,지성의 열쇠: 인간의 이해화 사회 분석 
0학년,교양/기초,국가와 시민,3,지성의 열쇠: 인간의 이해화 사회 분석 
0학년,교양/기초,국제정치학입문,3,지성의 열쇠: 인간의 이해화 사회 분석 
0학년,교양/기초,글로벌 이슈와 윤리적 사고,3,지성의 열쇠: 인간의 이해화 사회 분석 
0학년,교양/기초,기업과 사회,3,지성의 열쇠: 인간의 이해화 사회 분석 
0학년,교양/기초,남북관계와 통일의 전망,3,지성의 열쇠: 인간의 이해화 사회 분석 
0학년,교양/기초,독일어권 문화의 이해,3,지성의 열쇠: 인간의 이해화 사회 분석 
0학년,교양/기초,디지털시대의 영상문화와 윤리,3,지성의 열쇠: 인간의 이해화 사회 분석 
0학년,교양/기초,라틴아메리카 문학과 사회,3,지성의 열쇠: 인간의 이해화 사회 분석 
0학년,교양/기초,러시아인의 삶과 문화,3,지성의 열쇠: 인간의 이해화 사회 분석 
0학년,교양/기초,미디어와 현대사회,3,지성의 열쇠: 인간의 이해화 사회 분석 
0학년,교양/기초,민주시민과 기본적 인권,3,지성의 열쇠: 인간의 이해화 사회 분석 
0학년,교양/기초,민주시민과 헌법,3,지성의 열쇠: 인간의 이해화 사회 분석 
0학년,교양/기초,법학개론,3,지성의 열쇠: 인간의 이해화 사회 분석 
0학년,교양/기초,복지국가의 이해,3,지성의 열쇠: 인간의 이해화 사회 분석 
0학년,교양/기초,"사랑과 일, 그리고 젠더",3,지성의 열쇠: 인간의 이해화 사회 분석 
0학년,교양/기초,사회학의 이해,3,지성의 열쇠: 인간의 이해화 사회 분석 
0학년,교양/기초,생활공간과 인간,3,지성의 열쇠: 인간의 이해화 사회 분석 
0학년,교양/기초,성과 사랑의 역사,3,지성의 열쇠: 인간의 이해화 사회 분석 
0학년,교양/기초,섹슈얼리티와 성평등,3,지성의 열쇠: 인간의 이해화 사회 분석 
0학년,교양/기초,소비자의 선정,3,지성의 열쇠: 인간의 이해화 사회 분석 
0학년,교양/기초,언어의 세계,3,지성의 열쇠: 인간의 이해화 사회 분석 
0학년,교양/기초,역사 속의 전쟁과 평화,3,지성의 열쇠: 인간의 이해화 사회 분석 
0학년,교양/기초,영화 속 세계정치,3,지성의 열쇠: 인간의 이해화 사회 분석 
0학년,교양/기초,인공지능과 알고리즘 사회,3,지성의 열쇠: 인간의 이해화 사회 분석 
0학년,교양/기초,"인권, NGO, 세계시민사회",3,지성의 열쇠: 인간의 이해화 사회 분석 
0학년,교양/기초,정치와 정치이념,3,지성의 열쇠: 인간의 이해화 사회 분석 
0학년,교양/기초,정치학개론,3,지성의 열쇠: 인간의 이해화 사회 분석 
0학년,교양/기초,젠더와 범죄,3,지성의 열쇠: 인간의 이해화 사회 분석 
0학년,교양/기초,젠더와 법,3,지성의 열쇠: 인간의 이해화 사회 분석 
0학년,교양/기초,주권국가와 국제법원,3,지성의 열쇠: 인간의 이해화 사회 분석 
0학년,교양/기초,중남미 정치·경제·사회,3,지성의 열쇠: 인간의 이해화 사회 분석 
0학년,교양/기초,현대국가와 행정,3,지성의 열쇠: 인간의 이해화 사회 분석 
0학년,교양/기초,현대사회와 국제어,3,지성의 열쇠: 인간의 이해화 사회 분석 
0학년,교양/기초,현대사회와 법,3,지성의 열쇠: 인간의 이해화 사회 분석 
0학년,교양/기초,현대사회의 생로병사,3,지성의 열쇠: 인간의 이해화 사회 분석 
0학년,교양/기초,현대정치의 이해,3,지성의 열쇠: 인간의 이해화 사회 분석 
0학년,교양/기초,부모교육,3,지성의 열쇠: 인간의 이해화 사회 분석 
0학년,교양/기초,친밀성과 가족,3,지성의 열쇠: 인간의 이해화 사회 분석 
0학년,교양/기초,사회혁신과 교육개혁,3,지성의 열쇠: 인간의 이해화 사회 분석 
0학년,교양/기초,영국축구와 글로벌 스포츠의 발전,3,지성의 열쇠: 인간의 이해화 사회 분석 
0학년,교양/기초,고대그리스·로마문학의 세계,3,지성의 열쇠: 문화 해석과 상상 
0학년,교양/기초,공연예술의 이해,3,지성의 열쇠: 문화 해석과 상상 
0학년,교양/기초,그리스·로마신화,3,지성의 열쇠: 문화 해석과 상상 
0학년,교양/기초,그리스비극,3,지성의 열쇠: 문화 해석과 상상 
0학년,교양/기초,기독교와 서양문명,3,지성의 열쇠: 문화 해석과 상상 
0학년,교양/기초,대중예술의 이해,3,지성의 열쇠: 문화 해석과 상상 
0학년,교양/기초,도스토예프스키와 톨스토이,3,지성의 열쇠: 문화 해석과 상상 
0학년,교양/기초,도시의 문화,3,지성의 열쇠: 문화 해석과 상상 
0학년,교양/기초,동양문학의 이해,3,지성의 열쇠: 문화 해석과 상상 
0학년,교양/기초,동서양 명작 읽기,3,지성의 열쇠: 문화 해석과 상상 
0학년,교양/기초,동시대 미술과 현장,3,지성의 열쇠: 문화 해석과 상상 
0학년,교양/기초,동양미술개론,3,지성의 열쇠: 문화 해석과 상상 
0학년,교양/기초,동양의 고전,3,지성의 열쇠: 문화 해석과 상상 
0학년,교양/기초,디자인과 생활,3,지성의 열쇠: 문화 해석과 상상 
0학년,교양/기초,리시어틀의 언어,3,지성의 열쇠: 문화 해석과 상상 
0학년,교양/기초,만화로 보는 세계,3,지성의 열쇠: 문화 해석과 상상 
0학년,교양/기초,문학 속 인간과 기계,3,지성의 열쇠: 문화 해석과 상상 
0학년,교양/기초,문학과 공연예술,3,지성의 열쇠: 문화 해석과 상상 
0학년,교양/기초,문학과 영상,3,지성의 열쇠: 문화 해석과 상상 
0학년,교양/기초,문학과 정신분석,3,지성의 열쇠: 문화 해석과 상상 
0학년,교양/기초,문학과 철학의 대화,3,지성의 열쇠: 문화 해석과 상상 
0학년,교양/기초,미국문화와 현대사회의 이해,3,지성의 열쇠: 문화 해석과 상상 
0학년,교양/기초,미디어 리터러시의 세계,3,지성의 열쇠: 문화 해석과 상상 
0학년,교양/기초,미술문론,3,지성의 열쇠: 문화 해석과 상상 
0학년,교양/기초,상상력과 문화,3,지성의 열쇠: 문화 해석과 상상 
0학년,교양/기초,서양근대철학의 이해,3,지성의 열쇠: 문화 해석과 상상 
0학년,교양/기초,서양미술사개론,3,지성의 열쇠: 문화 해석과 상상 
0학년,교양/기초,서양연극의 이해,3,지성의 열쇠: 문화 해석과 상상 
0학년,교양/기초,서양의 환상적 전통,3,지성의 열쇠: 문화 해석과 상상 
0학년,교양/기초,세계관과 영화,3,지성의 열쇠: 문화 해석과 상상 
0학년,교양/기초,스페인어권 문화의 이해,3,지성의 열쇠: 문화 해석과 상상 
0학년,교양/기초,스페인어인문학의 이해,3,지성의 열쇠: 문화 해석과 상상 
0학년,교양/기초,아시아미술의 이해,3,지성의 열쇠: 문화 해석과 상상 
0학년,교양/기초,아시아의 종교와 미술,3,지성의 열쇠: 문화 해석과 상상 
0학년,교양/기초,아시아인의 삶과 언어,3,지성의 열쇠: 문화 해석과 상상 
0학년,교양/기초,언어와 사회,3,지성의 열쇠: 문화 해석과 상상 
0학년,교양/기초,여성과 문학,3,지성의 열쇠: 문화 해석과 상상 
0학년,교양/기초,영미 대중소설의 이해,3,지성의 열쇠: 문화 해석과 상상 
0학년,교양/기초,영미 문화의 이해,3,지성의 열쇠: 문화 해석과 상상 
0학년,교양/기초,영상예술의 이해,3,지성의 열쇠: 문화 해석과 상상 
0학년,교양/기초,역사의 이해,3,지성의 열쇠: 문화 해석과 상상 
0학년,교양/기초,예술과 과학,3,지성의 열쇠: 문화 해석과 상상 
0학년,교양/기초,예술과 사회,3,지성의 열쇠: 문화 해석과 상상 
0학년,교양/기초,음악과 사회,3,지성의 열쇠: 문화 해석과 상상 
0학년,교양/기초,음악입문론,3,지성의 열쇠: 문화 해석과 상상 
0학년,교양/기초,이동문학이사랑,3,지성의 열쇠: 문화 해석과 상상 
0학년,교양/기초,인도가 본 한국,3,지성의 열쇠: 문화 해석과 상상 
0학년,교양/기초,인도의 전통과 현대,3,지성의 열쇠: 문화 해석과 상상 
0학년,교양/기초,전통과 일상의 한국문화,3,지성의 열쇠: 문화 해석과 상상 
0학년,교양/기초,종교와 예술,3,지성의 열쇠: 문화 해석과 상상 
0학년,교양/기초,중국어권 사회와 문화,3,지성의 열쇠: 문화 해석과 상상 
0학년,교양/기초,중국인의 언어와 문화,3,지성의 열쇠: 문화 해석과 상상 
0학년,교양/기초,창작의 세계,3,지성의 열쇠: 문화 해석과 상상 
0학년,교양/기초,프랑스문학의 이해,3,지성의 열쇠: 문화 해석과 상상 
0학년,교양/기초,프랑스어권 문화의 이해,3,지성의 열쇠: 문화 해석과 상상 
0학년,교양/기초,한국 음악과 이야의 상상력,3,지성의 열쇠: 문화 해석과 상상 
0학년,교양/기초,한국문학과 문화예술,3,지성의 열쇠: 문화 해석과 상상 
0학년,교양/기초,한국문학과 세계문학,3,지성의 열쇠: 문화 해석과 상상 
0학년,교양/기초,한국의 신화,3,지성의 열쇠: 문화 해석과 상상 
0학년,교양/기초,한국의 문자와 문자문화,3,지성의 열쇠: 문화 해석과 상상 
0학년,교양/기초,한국인의 언어와 문화,3,지성의 열쇠: 문화 해석과 상상 
0학년,교양/기초,한자문헌읽기,3,지성의 열쇠: 문화 해석과 상상 
0학년,교양/기초,한글문학번역의 이론과 실제,3,지성의 열쇠: 문화 해석과 상상 
0학년,교양/기초,한자와 동양문자,3,지성의 열쇠: 문화 해석과 상상 
0학년,교양/기초,현대미술의 이해,3,지성의 열쇠: 문화 해석과 상상 
0학년,교양/기초,현대종교와 윤리,3,지성의 열쇠: 문화 해석과 상상 
0학년,교양/기초,고고학개론,3,지성의 열쇠: 역사적 탐구와 철학적 사유 
0학년,교양/기초,규장각과 한국문화,3,지성의 열쇠: 역사적 탐구와 철학적 사유 
0학년,교양/기초,근·현대 한국민주주의,3,지성의 열쇠: 역사적 탐구와 철학적 사유 
0학년,교양/기초,근대 한국의 역사와 문화,3,지성의 열쇠: 역사적 탐구와 철학적 사유 
0학년,교양/기초,남북분단과 한국전쟁,3,지성의 열쇠: 역사적 탐구와 철학적 사유 
0학년,교양/기초,논리학,3,지성의 열쇠: 역사적 탐구와 철학적 사유 
0학년,교양/기초,도덕적 추론,3,지성의 열쇠: 역사적 탐구와 철학적 사유 
0학년,교양/기초,동서문명의 만남과 실크로드,3,지성의 열쇠: 역사적 탐구와 철학적 사유 
0학년,교양/기초,동아시아의 역사를쟁,3,지성의 열쇠: 역사적 탐구와 철학적 사유 
0학년,교양/기초,동아시아의 왕권,3,지성의 열쇠: 역사적 탐구와 철학적 사유 
0학년,교양/기초,동양예술문화론,3,지성의 열쇠: 역사적 탐구와 철학적 사유 
0학년,교양/기초,동양철학의 고전,3,지성의 열쇠: 역사적 탐구와 철학적 사유 
0학년,교양/기초,동양철학의 이해,3,지성의 열쇠: 역사적 탐구와 철학적 사유 
0학년,교양/기초,문명의 기원,3,지성의 열쇠: 역사적 탐구와 철학적 사유 
0학년,교양/기초,미학과 예술론,3,지성의 열쇠: 역사적 탐구와 철학적 사유 
0학년,교양/기초,법과 가치,3,지성의 열쇠: 역사적 탐구와 철학적 사유 
0학년,교양/기초,사상과 윤리,3,지성의 열쇠: 역사적 탐구와 철학적 사유 
0학년,교양/기초,사회철학의 이해,3,지성의 열쇠: 역사적 탐구와 철학적 사유 
0학년,교양/기초,생명 의료윤리,3,지성의 열쇠: 역사적 탐구와 철학적 사유 
0학년,교양/기초,서양문명의 역사 1: 고대에서 르네상스까지,3,지성의 열쇠: 역사적 탐구와 철학적 사유 
0학년,교양/기초,서양문명의 역사 2: 종교개혁에서 냉전까지,3,지성의 열쇠: 역사적 탐구와 철학적 사유 
0학년,교양/기초,서양철학의 고전,3,지성의 열쇠: 역사적 탐구와 철학적 사유 
0학년,교양/기초,서양철학의 이해,3,지성의 열쇠: 역사적 탐구와 철학적 사유 
0학년,교양/기초,성의 철학과 성윤리,3,지성의 열쇠: 역사적 탐구와 철학적 사유 
0학년,교양/기초,세계종교입문,3,지성의 열쇠: 역사적 탐구와 철학적 사유 
0학년,교양/기초,역사 속의 종족과 그 이후,3,지성의 열쇠: 역사적 탐구와 철학적 사유 
0학년,교양/기초,역사의 역사 체험,3,지성의 열쇠: 역사적 탐구와 철학적 사유 
0학년,교양/기초,예술과 신화,3,지성의 열쇠: 역사적 탐구와 철학적 사유 
0학년,교양/기초,예술의 기적과 매혹,3,지성의 열쇠: 역사적 탐구와 철학적 사유 
0학년,교양/기초,이슬람 문명의 역사,3,지성의 열쇠: 역사적 탐구와 철학적 사유 
0학년,교양/기초,인류문화의 기원,3,지성의 열쇠: 역사적 탐구와 철학적 사유 
0학년,교양/기초,인물로 본 한국사,3,지성의 열쇠: 역사적 탐구와 철학적 사유 
0학년,교양/기초,일본의 인물과 역사,3,지성의 열쇠: 역사적 탐구와 철학적 사유 
0학년,교양/기초,자아탐색과 자아실현,3,지성의 열쇠: 역사적 탐구와 철학적 사유 
0학년,교양/기초,조선의 역사적 성취와 유산,3,지성의 열쇠: 역사적 탐구와 철학적 사유 
0학년,교양/기초,종교와 상징의 세계,3,지성의 열쇠: 역사적 탐구와 철학적 사유 
0학년,교양/기초,주제로 본 동양철학,3,지성의 열쇠: 역사적 탐구와 철학적 사유 
0학년,교양/기초,중국군관과 중국사상,3,지성의 열쇠: 역사적 탐구와 철학적 사유 
0학년,교양/기초,중국의 전통과 현대,3,지성의 열쇠: 역사적 탐구와 철학적 사유 
0학년,교양/기초,처음 배우는 서양사,3,지성의 열쇠: 역사적 탐구와 철학적 사유 
0학년,교양/기초,철학개론,3,지성의 열쇠: 역사적 탐구와 철학적 사유 
0학년,교양/기초,철학으로 예술 보기,3,지성의 열쇠: 역사적 탐구와 철학적 사유 
0학년,교양/기초,테마 중국사,3,지성의 열쇠: 역사적 탐구와 철학적 사유 
0학년,교양/기초,한국문화와 불교,3,지성의 열쇠: 역사적 탐구와 철학적 사유 
0학년,교양/기초,한국문화와 유교사회,3,지성의 열쇠: 역사적 탐구와 철학적 사유 
0학년,교양/기초,한국사,3,지성의 열쇠: 역사적 탐구와 철학적 사유 
0학년,교양/기초,한국사의 새로운 해석,3,지성의 열쇠: 역사적 탐구와 철학적 사유 
0학년,교양/기초,한국의 문화유산,3,지성의 열쇠: 역사적 탐구와 철학적 사유 
0학년,교양/기초,한국의 역사와 역사학,3,지성의 열쇠: 역사적 탐구와 철학적 사유 
0학년,교양/기초,한국현대사의 이해,3,지성의 열쇠: 역사적 탐구와 철학적 사유 
0학년,교양/기초,현대사회와 윤리,3,지성의 열쇠: 역사적 탐구와 철학적 사유 
0학년,교양/기초,현대서양의 형성,3,지성의 열쇠: 역사적 탐구와 철학적 사유 
0학년,교양/기초,기하학의 그리스적 발견,3,지성의 열쇠: 역사적 탐구와 철학적 사유 
0학년,교양/기초,책의 역사와 읽기의 미래,3,지성의 열쇠: 역사적 탐구와 철학적 사유 
1학년,교양/기초,수학 1,2,
1학년,교양/기초,수학연습 1,1,
1학년,교양/기초,수학 2,2,
1학년,교양/기초,수학연습 2,1,
1학년,교양/기초,물리학 1,3,
1학년,교양/기초,물리학실험 1,1,
1학년,교양/기초,물리학 2,3,
1학년,교양/기초,물리학실험 2,1,
1학년,교양/기초,화학 1,3,
1학년,교양/기초,화학 2,3,
1학년,교양/기초,화학,3,
1학년,교양/기초,화학실험,1,
1학년,교양/기초,생물학 1,3,
1학년,교양/기초,생물학 2,3,
1학년,교양/기초,생물학,3,
1학년,교양/기초,생물학실험,1,
1학년,교양/기초,통계학,3,
1학년,교양/기초,통계학실험,1,
1학년,교양/기초,컴퓨터의 개념 및 실습,3,
1학년,전공 선택 필수,창의공학설계,3,
2학년,교양/기초,공학수학 1,3,
2학년,교양/기초,공학수학 2,3,
2학년,전공 필수,기초회로이론 및 실험,4,
2학년,전공 필수,논리설계 및 실험,4,
2학년,전공 필수,프로그래밍방법론,4,
2학년,전공 필수,전기·정보세미나1,1,
2학년,전공 필수,기초전자기학 및 연습,4,
2학년,전공 선택 필수,자료구조의 기초,3,
2학년,전공 선택,전기시스템 선형대수,3,
3학년,전공 필수,신호 및 시스템,3,
3학년,전공 필수,전기·정보세미나2,1,
3학년,전공 필수,기초전자회로 및 실험,4,
3학년,전공 선택 필수,제어공학개론,3,
3학년,전공 선택 필수,확률변수 및 확률과정의 기초,3,
3학년,전공 선택 필수,통신의 기초,3,
3학년,전공 선택 필수,양자역학의 응용,3,
3학년,전공 선택 필수,전자기학,3,
3학년,전공 선택 필수,생체전기정보공학,3,
3학년,전공 선택 필수,반도체소자,3,
3학년,전공 선택 필수,아날로그전자회로,3,
3학년,전공 선택 필수,디지털 시스템 설계 및 실험,4,
3학년,전공 선택 필수,컴퓨터조직론,3,
3학년,전공 선택 필수,전기에너지변환,3,
3학년,전공 선택 필수,전력 및 에너지 시스템의 기초,3,
3학년,전공 선택,데이터통신망의 기초,3,
3학년,전공 선택,전력전자공학,3,
3학년,전공 선택,알고리즘의 기초,3,
4학년,전공 필수,전기·정보세미나3,1,
4학년,전공 선택,로봇공학개론,3,
4학년,전공 선택,지능시스템개론,3,
4학년,전공 선택,최신제어기법,3,
4학년,전공 선택,정보이론,3,
4학년,전공 선택,통신시스템,3,
4학년,전공 선택,디지털 신호처리의 기초,3,
4학년,전공 선택,전파공학,3,
4학년,전공 선택,네트워크 프로토콜 설계 및 실습,3,
4학년,전공 선택,전력시장이론,3,
4학년,전공 선택,전기기기 및 제어,3,
4학년,전공 선택,마이크로나노시스템 기술개론,3,
4학년,전공 선택,아날로그집적회로,3,
4학년,전공 선택,디지털집적회로,3,
4학년,전공 선택,나노소자의 기초,3,
4학년,전공 선택,전자물리의 기초,3,
4학년,전공 선택,생체계측,3,
4학년,전공 선택,유기전자소자,3,
4학년,전공 선택,광전자공학,3,
4학년,전공 선택,임베디드 시스템설계,3,
4학년,전공 선택,운영체제의 기초,3,
4학년,전공 선택,컴파일러의 기초,3,
4학년,전공 선택,기계학습 기초 및 전기정보 응용,3,
4학년,전공 선택,딥러닝의 기초,3,
4학년,전공 선택,컴퓨터비전의 기초,3,
3학년,전공선택 ,해석개론1,3,수리과학부 개설 
3학년,전공선택 ,선형대수학1,3,수리과학부 개설 
3학년,전공선택 ,미분방정식 ,3,수리과학부 개설 
3학년,전공선택 ,정수론 ,3,수리과학부 개설 
3학년,전공선택 ,집합과 수리논리 ,3,수리과학부 개설 
3학년 ,전공선택 ,전기와 자기 ,3,물리학과 개설 
3학년,전공선택 ,역학 ,3,물리학과 개설 
3학년,전공선택 ,현대 물리학의 기초 ,3,물리학과 개설 
3학년,전공선택 ,유기화학1,3,화학과 개설 
3학년,전공선택 ,물리화학1,3,화학과 개설 
3학년,전공선택 ,분석화학1 ,3,화학과 개설 
3학년,전공선택 ,미시경제이론,3,경제학부 개설 
3학년,전공선택 ,경제사 ,3,경제학부 개설 
3학년,전공선택 ,정치경제학입문,3,경제학부 개설 
3학년,전공선택 ,시장경제의 이해 ,3,경제학부 개설 
